name,tm_score
Human_EGF,1.0
stocco.filippo.1.3.3.18_4_2_iteration0_1.0407930462953479,0.9757
AmirM.MHosseini.seq4,0.931
a.tucs.Andrejs_Tucs_seq8,0.9786
kerrding.seq7,0.9348
kerrding.seq8,0.9311
aureliabustos.wwt_noised_I_scaffold_shorted_var9391,0.9447
aureliabustos.wt_noised_I_scaffold_shorted_var71,0.9444
aureliabustos.wwt_noised_I_scaffold_shorted_var8423,0.9437
a.tucs.Andrejs_Tucs_seq7,0.9709
aureliabustos.wwt_noised_I_scaffold_shorted_var7524,0.9425
youngsuko2000.last,0.9409
aureliabustos.wwt_noised_I_scaffold_shorted_var6640,0.9411
a.tucs.Andrejs_Tucs_seq2,0.9702
a.tucs.Andrejs_Tucs_seq3,0.969
a.tucs.Andrejs_Tucs_seq4,0.9663
a.tucs.Andrejs_Tucs_seq10,0.9642
youngsuko2000.ysar,0.9381
s1995825.cotimed_egf_netsolp_usability_8,0.9645
a.tucs.Andrejs_Tucs_seq5,0.9682
youngsuko2000.queen,0.9333
kerrding.seq6,0.9406
stocco.filippo.1.3.3.18_51_2_iteration3_1.0356664070457622,0.9241
biolucasmachado.engineered_binder_9,0.9509
a.tucs.Andrejs_Tucs_seq1,0.9626
eceiiitn786.8s2,0.939
youngsuko2000.fast4,0.9312
stocco.filippo.1.3.3.18_40_0_iteration12_1.0321554292304749,0.9232
nitesh.mishra3.stepwise_egf_based_egfr_binder_3,0.9585
s1995825.timed_egf_netsolp_usability_consensus_2,0.9594
AmirM.MHosseini.seq9,0.9008
stocco.filippo.1.3.3.18_65_0_iteration3_1.028317065130863,0.9233
a.tucs.Andrejs_Tucs_seq6,0.9579
s1995825.cotimed_egf_netsolp_usability_4,0.9546
s1995825.cotimed_egf_netsolp_usability_1,0.9529
AmirM.MHosseini.seq3,0.8887
biolucasmachado.engineered_binder_5,0.9105
a.tucs.Andrejs_Tucs_seq9,0.951
aswini.seed2_3,0.9304
s1995825.cotimed_egf_netsolp_usability_6,0.9506
s1995825.timed_egf_netsolp_usability_consensus_1,0.9462
tadaskluonis.cotimed_egf_BCseq_1,0.9434
alex.naka.Wartortle,0.9116
s1995825.cotimed_egf_netsolp_usability_7,0.9451
s1995825.cotimed_egf_netsolp_usability_5,0.9455
kerrding.seq5,0.9182
alex.naka.Blastoise,0.9068
alex.naka.Squirtle,0.921
s1995825.cotimed_egf_netsolp_usability_3,0.9394
alex.naka.Ivysaur,0.903
alex.naka.Charmander,0.8984
tadaskluonis.cotimed_egf_BCseq_0,0.9323
s1995825.cotimed_egf_netsolp_usability_2,0.9289
tadaskluonis.cotimed_egf_BCseq_2,0.9262
biolucasmachado.engineered_binder_3,0.9189
alex.naka.Venusaur,0.9089
alex.naka.Charmeleon,0.928
aswini.seed2_1,0.9088
stocco.filippo.1.3.3.18_37_0_iteration3_1.024851931427025,0.9357
aswini.seed1_1,0.8969
paulafcfranklin.synth_rosetta_4,0.8897
biolucasmachado.engineered_binder_4,0.893
biolucasmachado.engineered_binder_6,0.8936
alex.naka.Charizard,0.9203
aureliabustos.bce_var702,0.9015
aureliabustos.bce_var464,0.9012
biolucasmachado.engineered_binder_8,0.8898
aureliabustos.bce_var433,0.9002
paulafcfranklin.synth_rosetta_7,0.8841
paulafcfranklin.synth_rosetta_1,0.8634
aswini.seed1,0.8934
alecl.unrelaxedA,0.8794
biolucasmachado.engineered_binder_2,0.8859
paulafcfranklin.synth_rosetta_2,0.8699
biolucasmachado.engineered_binder_7,0.8839
biolucasmachado.engineered_binder_1,0.8796
kerrding.seq9,0.8856
nitesh.mishra3.stepwise_scaffold_egfr_binder_6,0.8945
joaosartori2.c4,0.8714
joaosartori2.c6,0.8699
paulafcfranklin.synth_rosetta_5,0.8705
stocco.filippo.1.3.3.18_13_0_iteration12_1.0279718223732435,0.9194
paulafcfranklin.synth_rosetta_3,0.8703
"antorsae.T=0.1,_sample=939,_score=0.9451,_global_score=1.3625,_seq_recovery=0.4250",0.9309
joaosartori2.c1,0.8698
paulafcfranklin.synth_rosetta_6,0.8691
paulafcfranklin.synth_rosetta_8,0.8672
paulafcfranklin.synth_rosetta_9,0.8664
AmirM.MHosseini.seq1,0.872
alecl.relaxedA,0.8723
joaosartori2.c3,0.8996
paulafcfranklin.synth_rosetta_10,0.8622
antorsae.TA525_0_0,0.9222
antorsae.TA_5_1,0.9666
antorsae.ta397unsafety_2,0.9663
antorsae.TA_5_2,0.9669
antorsae.TA_5_3,0.9666
antorsae.TA_4_4,0.9634
dre.LGDL_EGFR_008,0.9083
amirmhosseini47.mohammad_seq2,0.8797
antorsae.TA_4_5,0.9617
nitesh.mishra3.stepwise_rfdiff_egfr_binder_1,0.8407
briannaughton.EGFR_plus_EGFR,0.9061
klima.jason.8HGO_design_vdcjs_1_2,0.8195
qilin_y.test7,0.7478
klima.jason.8HGO_design_94eja_1_5,0.8276
klima.jason.8HGO_design_4yyaf_0_0,0.8486
klima.jason.8HGO_design_8gswy_1_2,0.8319
briannaughton.1_plus_EGFR,0.9196
klima.jason.8HGO_design_jt8s1_0_3_proteinmpnn_20,0.8454
kurumida.yoichi.mg_05,0.5947
qilin_y.test8,0.6439
qxy615.s1_rfd_base_46_60,0.4999
aswini.clipgen30,0.5142
akash.arunabharathi.design10,0.5185
akash.arunabharathi.design3,0.5098
qilin_y.test6,0.5137
z_peplib.pepseq_design_9,0.4473
qxy615.s1_rfd_base_46_94,0.4281
salireza111.Seq119_3_001_8,0.4326
qilin_y.test5,0.4822
qxy615.s1_rfd_comp_beta_782_81,0.4759
salireza111.Seq166_1_001_7,0.4623
qilin_y.test4,0.4699
fernando.meireles.design_hybrid_partial_diff_4_31_binder,0.4962
salireza111.Seq206_1_001_6,0.4881
akash.arunabharathi.design9,0.5716
qy.qilin.yu.10-13-21_sample267_complex_42_complex,0.4289
x.rustamov.traj_9_8_model_1_0,0.474
karmanyaaggarwal.DS004729,0.476
tim.silica_corpora_regions_sampled_epitope_2_generated_variant_8_rank_3_phase_2,0.4863
hughy.7om4_B_A_180_rnd1_v1_full,0.472
huiyu.cai.H3_15_3351_H,0.4724
cchallacombe.1,0.4807
724928537.DBZ7___A,0.4641
karmanyaaggarwal.DS003076,0.473
merlettaia.seq70v3,0.4671
huiyu.cai.H3_15_4373_H,0.4705
merlettaia.seq0v4,0.4748
hughy.7om4_B_A_33_rnd2_v2_full,0.468
x.rustamov.P_vhh_partial_1_32,0.4666
x.rustamov.traj_11_8_model_5_0,0.467
zhoup1366.DBZ8___A,0.4647
tim.silica_corpora_sampled_epitope_2_generated_variant_9_rank_6_phase_2,0.4673
724928537.DBZ8___A,0.4652
merlettaia.seq0v3,0.4739
x.rustamov.traj_6_1_model_1_8,0.469
tim.silica_corpora_sampled_epitope_0_generated_variant_8_rank_1_phase_2,0.4657
hughy.7om4_B_A_17_rnd2_v2_full,0.4632
mosquitolkfo.nAb_design_3,0.4726
x.rustamov.traj_4_8_model_1_5,0.4642
karmanyaaggarwal.DS002542,0.4686
martin.EGFR_l111_s89744_mpnn1,0.451
martin.EGFR_l121_s46924_mpnn18,0.4755
huiyu.cai.H3_15_2847_H,0.4612
cchallacombe.6,0.468
chrisxushaoyong.hu_nano1_1_ff3e18,0.4682
zhoup1366.DBZ7___A,0.4588
merlettaia.seq6v4,0.4671
huiyu.cai.H3_15_2431_H,0.4634
mosquitolkfo.nAb_design_6,0.4698
merlettaia.seq52v3,0.4709
chrisxushaoyong.hu_nano1_5_559c85,0.467
zhoup1366.DBZ10___A,0.4567
chrisxushaoyong.hu_nano2_4_85252b,0.4649
chrisxushaoyong.hu_nano1_3_eef94e,0.4651
chrisxushaoyong.hu_nano2_2_7ef96e,0.4669
huiyu.cai.H3_15_877_H,0.4611
hughy.7om4_B_A_8_rnd2_v2_full,0.4592
salireza111.Seq166_3_002_4,0.3859
mosquitolkfo.nAb_design_7,0.4665
cchallacombe.4,0.463
bundit.b_s18.manbaritone_Seq6_EGFR-binder-70-100_beta_778_dldesign_0_Length=71,0.394
zhoup1366.DBZ1___A,0.4525
hughy.4krp_B_A_89_rnd3_full,0.4638
tim.silica_corpora_sampled_epitope_0_generated_variant_1_rank_8_phase_2,0.4621
tim.silica_corpora_regions_sampled_epitope_0_generated_variant_6_rank_7_phase_2,0.4616
fernando.meireles.design_hybrid_partial_diff_7_1_binder,0.4452
mosquitolkfo.nAb_design_9,0.4613
minji.lee.386,0.4094
gitter.yolo48,0.3758
salireza111.Seq166_7_003_9,0.3726
724928537.DBZ6___A,0.4479
mosquitolkfo.nAb_design_1,0.4599
noah.holzleitner.Noah_EGFR-Binder_2,0.377
z_peplib.pepseq_design_8,0.3691
silvia.toscani.B_EGFR_6,0.4134
revoli.mutated_nAb_9,0.4468
revoli.mutated_nAb_8,0.4466
noah.holzleitner.Noah_EGFR-Binder_8,0.3802
lennart.nickel.EGFR_l114_s69310_mpnn7,0.4433
zhoup1366.DBZ6___A,0.4397
enzo.morro.design_0_n_2_mpnn_1.120_plddt_0.858_i_ptm_0.072_i_pae_28.117_rmsd_30.276,0.4737
revoli.mutated_nAb_5,0.44
minji.lee.459,0.3866
martin.EGFR_l142_s75963_mpnn1,0.4628
enzo.morro.design_0_n_0_mpnn_1.117_plddt_0.713_i_ptm_0.082_i_pae_27.542_rmsd_25.669,0.4657
deepsatflow.6aru_final_chain_A_domain_3_l142_s806907_mpnn1,0.4587
begonia.sp.13.EGFR_l88_s11832_mpnn1_model2,0.403
flowuenne.nf-proteindesign_design10,0.3552
tarkhov.andrey.Erithacus_rubecula_gigantus_8,0.5091
toluwase.fatoki.Toluwase_Sequence3_119,0.4319
noah.holzleitner.Noah_EGFR-Binder_3,0.359
wtj19921231.egfr_binder_design_208_dldesign_0_cycle1_run5_af2pred.pdb_A,0.3445
tarkhov.andrey.Erithacus_rubecula_gigantus_7,0.4672
enzo.morro.design_0_n_1_mpnn_1.085_plddt_0.817_i_ptm_0.076_i_pae_28.084_rmsd_25.372,0.4413
"colby.TUPEGFR_012___anti-EGFR,_Fv-like_protein,_diffused_with_EvoDiff",0.4862
akash.arunabharathi.design4,0.5196
noah.holzleitner.Noah_EGFR-Binder_4,0.356
ccalia.Paesani_Lab_design8,0.4833
lhallee.lhallee_40_full_driveid_8_9,0.3602
begonia.sp.13.EGFR_l110_s478327_mpnn7_model2,0.3984
lennart.nickel.EGFR_l179_s82283_mpnn1,0.4479
niklas.95B59203-B642-4754-BCD3-8E670A722C8D_l91_s349792600_mpnn19,0.3794
rohith.mohan.model_67_69_2,0.3411
niklas.95B59203-B642-4754-BCD3-8E670A722C8D_l91_s349792600_mpnn2,0.3813
lennart.nickel.EGFR_l98_s70756_mpnn3,0.3946
julie.ryfqy,0.3411
julian.faust.Pimurutamab_mpnn_18_scfv,0.481
junhee.park1999.EGFR_binder_6,0.4825
ccalia.Paesani_Lab_design2,0.4724
noah.holzleitner.Noah_EGFR-Binder_1,0.3459
junhee.park1999.EGFR_binder_7,0.4791
jvogt4.vogt_scFV_2143,0.4766
lhallee.lhallee_128_driveid_3_4,0.4141
jakublala.full_dibinder_45aa.pdb,0.3503
nhaas.8,0.4772
jvogt4.vogt_scFV_0128,0.4774
julian.faust.BecotatugxPimurutamab_scfv,0.4779
julian.faust.Pimurutamab_mpnn_17_scfv,0.4747
nhaas.3,0.4754
tarkhov.andrey.Erithacus_rubecula_gigantus_9,0.4718
junhee.park1999.EGFR_binder_9,0.4747
jack.li.EGFRbindingCandidate_7,0.469
Ali.RASOULI.intern.model_77_142_3,0.3375
jvogt4.vogt_scFV_2009,0.4759
toluwase.fatoki.Toluwase_Sequence4_148,0.4262
jude.wells.21.6b3s_necitumumab_fused_trimmed_task_89_iter_216,0.4709
jvogt4.vogt_scFV_2470,0.4741
julie.rj0aa,0.3384
jvogt4.vogt_scFV_2279,0.4745
maxall4.EGFR_ED_BINDER_l132_s581930_mpnn1_model1_unrelaxed_rank_001_alphafold2_multimer_v3_model_1_seed_000_top1_mutation_R79A_round1_Chain_A,0.4027
darius.szablowski.EGFR_binder_1___top_binder_1,0.3671
martin.EGFR_l177_s77884_mpnn7,0.434
jude.wells.21.6b3s_necitumumab_fused_trimmed_task_98_iter_184,0.4659
xiuming_li2015.Eureka_seq_3,0.4713
nhaas.2,0.4722
jude.wells.21.6b3s_necitumumab_fused_trimmed_task_211_iter_150,0.4681
minji.lee.111,0.3301
jude.wells.21.panitumumab_fused_trimmed_crossbreed3,0.4684
keaun.GWFGVVFKADIARVSEFVAIGLSTGPLGSESTFSIWRQ,0.3606
cameron.kroll.Gertrude_gen6,0.4178
nhaas.6,0.4683
jude.wells.21.panitumumab_fused_trimmed_task_12_iter_123,0.4661
bronte.EGFR_Binder_4_91,0.3519
praghava531.seq2,0.3909
martin.EGFR_l165_s31019_mpnn3,0.431
xiuming_li2015.Eureka_seq_4,0.4661
cbrown.cbrown_0005_2_EGFR_l81_s801188_mpnn1_model1,0.3576
round1zeroshot.K5Q_N70S_K71R_N73T_S87T_N88D_R179K_K183R_E213D_S214P,0.4645
alessio.daddio.AD_9,0.4182
julian.faust.PimurutamabxBecotatug_scfv,0.4665
nhaas.4,0.4646
xiuming_li2015.Eureka_seq_1,0.4635
julian.faust.Demupitamab_mpnn_19_scfv,0.4648
"colby.TUPEGFR_001___anti-EGFR,_Fv-like_protein,_diffused_with_EvoDiff",0.4643
"colby.TUPEGFR_006___anti-EGFR,_Fv-like_protein,_diffused_with_EvoDiff",0.4627
pastei5.egfr_binder_01,0.3542
flowuenne.nf-proteindesign_design8,0.3204
christoph.gruber.UpperBinder_Scaffold1_LowerBinder,0.4026
allongoldberg.3_52_10_refined_IDEAL,0.3256
carson.vaux.Baker1_18,0.3299
alejandro.corrochano-navarro.eng_scfv_binder_1,0.459
alejandro.corrochano-navarro.eng_scfv_binder_2,0.4581
cameron.kroll.Gertrude_gen5,0.4122
cameron.kroll.Gertrude_gen3,0.411
tiejun.wei.egfr_binder_design_208_dldesign_10_af2pred.pdb_A,0.3261
amelie.schreiber.model_56_119_15,0.3462
nicholas-schnicker.schnick_04,0.3515
"colby.TUPEGFR_018___anti-EGFR,_Fv-like_protein,_diffused_with_ESM3",0.4602
alejandro.corrochano-navarro.eng_scfv_binder_3,0.4549
ccalia.Paesani_Lab_design9,0.4447
duynth29.L88_MPNN5,0.353
lennart.nickel.EGFR_l139_s63093_mpnn2,0.3898
lhallee.lhallee_128_driveid_1_2,0.3916
ccalia.Paesani_Lab_design1,0.4462
chuh.EGFR_Seg2_l62_s244475_mpnn4,0.3156
allongoldberg.3_52,0.2999
minji.lee.3995,0.3326
christoph.gruber.UpperBinder_Scaffold2_LowerBinder,0.3662
bundit.b_s18.manbaritone_Seq3_EGFR-binder-70-100_beta_303_dldesign_6_Lenght=71,0.3291
chenceshi1105.steven_binder_design_l82_s44755_it100_mpnn6,0.3378
cameron.kroll.Gertrude_gen3_S69D_N61E,0.4
chuh.EGFR_Seg1_l58_s941869_mpnn2,0.3059
akash.arunabharathi.design8,0.4382
baptiste.roelens.ognk,0.3097
flowuenne.nf-proteindesign_design7,0.3131
niklas.E5A28FA3-3501-41C2-922C-EC848E0BC020_l81_s514858345_mpnn4,0.3293
bundit.b_s18.manbaritone_Seq5_EGFR-binder-70-100_beta_303_dldesign_1_Length=71,0.3216
joel.rf_diffusion_trim_3,0.3354
minji.lee.3458,0.3377
tarkhov.andrey.Erithacus_rubecula_gigantus_1,0.4309
ccalia.Paesani_Lab_design3,0.5313
cameron.kroll.Leitner,0.3886
fernando.meireles.design_hybrid_partial_diff_9_54_binder,0.3543
Reed.HARRISON.model_56_119_0,0.3216
chenceshi1105.steven_binder_design_l89_s48081_it100_mpnn4,0.3315
allongoldberg.3_52_1_refined,0.2928
lhallee.lhallee_40_target_driveid_10,0.3282
mchrnwsk.marta_chronowska_dom1_l99_s666690_mpnn16,0.3378
keaun.GWFGVVFKADIARDSEFVAILESQGYLSSITTFSGWNQ,0.3216
gitter.yolo23,0.301
toluwase.fatoki.Toluwase_Sequence6_112,0.3434
lennart.nickel.EGFR_l170_s20625_mpnn10,0.3842
lyu.1,0.3306
"colby.TUPEGFR_010___anti-EGFR,_Fv-like_protein,_diffused_with_EvoDiff",0.4178
darius.szablowski.EGFR_binder_5___ggggs_3_linked_top_binders_1_and_2_efficiently_evolved_and_sapiens_evolved,0.3933
amelie.schreiber.model_60_151_9,0.29
ssomani.17,0.3725
niklas.7A72D922-1677-4FC8-9315-D7996BA05D8E_l150_s530325711_mpnn12,0.3599
keaun.GWFGVVFKADIAGVSEKVAIELSGGYEGSLTTPSGWNQ,0.3292
duynth29.Duy_L111_mpnn14_L80M_L42M,0.3283
christoph.gruber.UpperBinder_Scaffold3_LowerBinder,0.3373
keaun.GIFGVVFKADIARVSIDVAIDYSTGYLGSLTTFSGCNQ,0.3092
duynth29.Duy_L111_mpnn14,0.3266
elian.elian1,0.3189
chenceshi1105.steven_binder_design_l75_s60968_it100_mpnn0,0.2975
mlange05.C,0.3781
jakublala.epitope_1_30aa.pdb,0.3428
coreyhowe99.corey82,0.2974
duynth29.Duy_L111_mpnn14_I36M__L80M_L42M,0.3237
maxall4.EGFR_ED_BINDER_l134_s906486_mpnn2_model1_unrelaxed_rank_001_alphafold2_multimer_v3_model_1_seed_000_top1_mutation_G108S_round1_Chain_A,0.3441
maxall4.EGFR_ED_BINDER_l124_s860500_mpnn1_model1_unrelaxed_rank_001_alphafold2_multimer_v3_model_1_seed_000_top1_mutation_D81N_round1_Chain_A,0.3342
maxall4.EGFR_TRIM_l126_s498823_mpnn2_model1_unrelaxed_rank_001_alphafold2_multimer_v3_model_1_seed_000_top1_mutation_L39G_round1_Chain_A,0.3335
deepsatflow.6aru_final_chain_A_domain_3_l138_s466479_mpnn9,0.3399
markus.braun.egfr_binder_1,0.3932
z_peplib.pepseq_design_6,0.2815
gitter.yolo46,0.2587
mlange05.A,0.3645
jakublala.full_dibinder_45aa_2.pdb,0.2781
julie.jg26n,0.261
duynth29.L148_MPNN1,0.339
elian.elian2,0.3016
alessio.daddio.AD_1,0.2908
niklas.EE4629A9-322F-48F0-884D-8F4418DB9BCE_l151_s241659642_mpnn11,0.3379
chuh.EGFR_Seg2_l58_s53469_mpnn1,0.2978
markus.braun.egfr_binder_8,0.3704
darius.szablowski.EGFR_binder_2___ggggs_3_linked_top_binders_1_and_2,0.3541
amelie.schreiber.model_83_156_16,0.3081
spacecruiser42.d2_prompt_binder_t1.0_37,0.3905
alan.blakely.12_6,0.3665
maxall4.EGFR_ED_BINDER_l134_s906486_mpnn2_model1_unrelaxed_rank_001_alphafold2_multimer_v3_model_1_seed_000_top1_mutation_G108S_round1_Y80D_Chain_A,0.3199
elian.elian5,0.2964
deepsatflow.6aru_final_chain_A_domain_3_l147_s945609_mpnn1,0.3285
christoph.gruber.Binder12_1,0.3039
darius.szablowski.EGFR_binder_4___ggggs_3_linked_top_binders_1_and_2_efficiently_evolved,0.3492
mlange05.B,0.3495
keaun.GAFPVVFKADIARVSEFVAIGPSTGYLGSLTTMSGVNQ,0.2771
alessio.daddio.AD_4,0.2611
zalavi.zalavi3_GGG_shortpacesa,0.356
aswinijavadi160197.8_A,0.2949
darius.szablowski.EGFR_binder_3___ggggs_3_linked_top_binders_1_rev_and_2_rev,0.3408
markus.braun.egfr_binder_3,0.3679
lyu.3,0.2916
fgndd1.fg_seq1,0.3221
lyu.2,0.2911
allongoldberg.4_44,0.3146
spacecruiser42.d2_prompt_binder_t1.0_139,0.3085
markus.braun.egfr_binder_6,0.3623
briannaughton.1_plus_2,0.3598
markus.braun.egfr_binder_7,0.3615
alan.blakely.12_3,0.3533
begonia.sp.13.EGFR_l61_s456546_mpnn1_model1,0.2519
elian.elian4,0.2874
elian.elian3,0.2843
briannaughton.2_plus_1,0.3549
allongoldberg.4_44_0_refined,0.2995
jakublala.epitope_1_20aa.pdb,0.2985
alan.blakely.16_2,0.3431
areddy.EGFR_l169_s781475,0.312
jakublala.epitope_2_30aa_1.pdb,0.2977
christoph.gruber.UpperBinder_XTEN_LowerBinder,0.2961
zalavi.shortrustamov_GGG_zalavi3,0.3385
lhallee.lhallee_20_on_target_2000,0.3502
tadej.satler.egfr_binder_3,0.2865
dre.LGDL_EGFR_001,0.2586
allongoldberg.4_44_14_refined_IDEAL,0.2956
zulfatmi.pocket7pep42,0.3475
zalavi.zalavi3_mergedaltered_rustamov,0.3277
binom16.pocket1pep15,0.5656
tarkhov.andrey.Erithacus_rubecula_gigantus_4,0.3141
briannaughton.2_plus_2,0.2998
zulfatmi.pocket2pep63,0.2496
binom16.pocket2pep86,0.3001
binom16.pocket3pep98,0.4095
binom16.pocket2pep89,0.4385
spacecruiser42.d2_prompt_binder_t1.0_22,0.5614
binom16.pocket7pep80,0.3011
spacecruiser42.d2_prompt_binder_t0.8_88,0.4517
spacecruiser42.d2_prompt_binder_t0.8_42,0.4966
zulfatmi.pocket1pep78,0.2353
